Titulo,Genero,Duracion_min,Puntuacion,Anio_Salida
El Amanecer,Drama,120,8.5,2021
Aventura Espacial,Ciencia Ficción,150,9.1,2023
Risas y Lágrimas,Comedia,95,7.2,2018
El Misterio,Thriller,110,8.0,2015
Acción Total,Acción,130,6.8,2020
El Padrino,Crimen,175,9.2,1972
Cadena Perpetua,Drama,142,9.3,1994
El Caballero Oscuro,Acción,152,9.0,2008
Origen,Ciencia Ficción,148,8.8,2010
Pulp Fiction,Crimen,154,8.9,1994
Forrest Gump,Drama,142,8.8,1994
Matrix,Ciencia Ficción,136,8.7,1999
El Señor de los Anillos,Fantasía,201,9.0,2003
Ciudad de Dios,Crimen,130,8.6,2002
Star Wars,Ciencia Ficción,121,8.6,1977
Interstellar,Ciencia Ficción,169,8.6,2014
El Silencio de los Corderos,Thriller,118,8.6,1991
Salvar al Soldado Ryan,Bélico,169,8.6,1998
La Vida es Bella,Comedia,116,8.6,1997
El Viaje de Chihiro,Animación,125,8.6,2001
Parásitos,Thriller,132,8.5,2019
Gladiator,Acción,155,8.5,2000
El Rey León,Animación,89,8.5,1994
Los Infiltrados,Crimen,151,8.5,2006
El Prestigio,Misterio,130,8.5,2006
Memento,Misterio,113,8.4,2000
Apocalypse Now,Bélico,147,8.4,1979
Alien,Ciencia Ficción,117,8.5,1979
Spider-Man,Animación,117,8.4,2018
Coco,Animación,105,8.4,2017
