ID_Estudiante,Horas_Estudio_Semanal,Tazas_Cafe,Experiencia_Previa,Nota_Final
ALUM001,14.0,8,No,78.6
ALUM002,11.4,6,No,55.0
ALUM003,14.6,4,No,78.5
ALUM004,18.1,7,Sí,92.3
ALUM005,11.1,5,Sí,68.8
ALUM006,11.1,6,No,65.4
ALUM007,18.3,5,No,82.0
ALUM008,15.1,6,Sí,81.1
ALUM009,10.1,5,Sí,72.7
ALUM010,14.2,2,No,68.1
ALUM011,10.1,2,Sí,73.0
ALUM012,10.1,0,Sí,76.3
ALUM013,13.0,4,No,76.9
ALUM014,4.3,3,No,38.4
ALUM015,5.1,4,No,60.5
ALUM016,9.8,3,Sí,59.7
ALUM017,7.9,5,No,54.0
ALUM018,13.3,2,Sí,83.7
ALUM019,8.4,0,No,57.6
ALUM020,6.4,2,No,47.1
ALUM021,17.9,7,No,78.4
ALUM022,11.1,4,No,59.8
ALUM023,12.3,1,No,62.1
ALUM024,6.3,2,No,55.9
ALUM025,9.8,1,Sí,73.7
ALUM026,12.4,5,No,62.0
ALUM027,7.4,3,Sí,70.9
ALUM028,13.5,3,Sí,82.6
ALUM029,9.6,2,No,63.9
ALUM030,10.8,2,No,65.9
ALUM031,9.6,3,No,54.0
ALUM032,19.4,8,No,80.2
ALUM033,11.9,3,No,69.3
ALUM034,7.8,3,No,58.1
ALUM035,15.3,4,No,73.1
ALUM036,7.1,1,No,53.5
ALUM037,12.8,4,Sí,86.8
ALUM038,4.2,0,No,41.9
ALUM039,6.7,1,Sí,67.0
ALUM040,12.8,2,Sí,77.8
ALUM041,15.0,8,No,71.1
ALUM042,12.7,4,Sí,85.3
ALUM043,11.5,3,No,68.8
ALUM044,10.8,4,No,66.9
ALUM045,6.1,2,No,58.0
ALUM046,9.1,3,No,57.9
ALUM047,10.2,4,Sí,76.5
ALUM048,16.2,7,No,73.7
ALUM049,13.4,4,No,70.4
ALUM050,4.9,1,No,46.6
ALUM051,13.3,4,No,68.8
ALUM052,10.5,0,No,64.7
ALUM053,9.3,1,Sí,65.3
ALUM054,14.4,7,No,83.7
ALUM055,16.1,8,No,69.3
ALUM056,15.7,5,No,67.0
ALUM057,8.6,4,Sí,75.6
ALUM058,10.8,4,No,66.7
ALUM059,13.3,8,No,72.1
ALUM060,15.9,7,No,78.5
ALUM061,10.1,3,No,60.1
ALUM062,11.3,2,Sí,69.8
ALUM063,7.6,0,No,54.4
ALUM064,7.2,3,No,49.0
ALUM065,15.3,4,Sí,91.0
ALUM066,17.4,4,No,77.7
ALUM067,11.7,3,No,59.3
ALUM068,16.0,4,No,73.1
ALUM069,13.4,7,No,71.1
ALUM070,9.4,4,No,55.2
ALUM071,13.4,4,No,63.7
ALUM072,18.2,8,Sí,93.8
ALUM073,11.9,4,No,66.1
ALUM074,18.3,5,No,77.6
ALUM075,2.0,3,No,37.2
ALUM076,15.3,6,No,74.6
ALUM077,12.3,3,No,57.2
ALUM078,10.8,3,No,53.6
ALUM079,12.4,3,No,61.6
ALUM080,4.0,0,No,43.8
ALUM081,11.1,5,No,64.7
ALUM082,13.4,7,No,77.4
ALUM083,17.9,4,No,84.9
ALUM084,9.9,4,No,58.9
ALUM085,8.8,2,No,56.8
ALUM086,10.0,3,Sí,66.0
ALUM087,15.7,4,No,74.0
ALUM088,13.3,3,Sí,78.6
ALUM089,9.9,3,No,61.6
ALUM090,14.1,3,No,65.2
ALUM091,12.4,5,Sí,81.1
ALUM092,15.9,5,No,83.9
ALUM093,9.2,3,Sí,69.3
ALUM094,10.7,2,Sí,76.1
ALUM095,10.4,3,No,65.2
ALUM096,6.1,3,No,48.0
ALUM097,13.2,5,Sí,81.3
ALUM098,13.0,3,No,67.7
ALUM099,12.0,4,No,65.6
ALUM100,11.1,5,Sí,70.0
ALUM101,6.3,0,No,51.0
ALUM102,10.3,4,Sí,75.8
ALUM103,10.6,3,Sí,82.3
ALUM104,8.8,4,No,62.7
ALUM105,11.4,3,No,76.3
ALUM106,13.6,2,No,64.4
ALUM107,19.5,4,No,89.1
ALUM108,12.7,4,No,67.8
ALUM109,13.0,5,No,80.7
ALUM110,11.7,3,No,59.4
ALUM111,4.3,2,No,40.8
ALUM112,11.9,1,Sí,73.1
ALUM113,12.2,4,No,52.9
ALUM114,21.9,5,Sí,98.5
ALUM115,11.2,3,Sí,70.5
ALUM116,13.2,4,No,68.9
ALUM117,11.9,3,No,66.7
ALUM118,7.3,2,No,64.6
ALUM119,16.6,7,No,82.1
ALUM120,15.0,4,Sí,81.1
ALUM121,15.2,6,Sí,79.5
ALUM122,8.4,1,Sí,70.9
ALUM123,17.6,7,No,71.1
ALUM124,6.4,4,No,62.0
ALUM125,14.3,1,No,77.9
ALUM126,20.8,6,Sí,96.1
ALUM127,8.0,4,No,44.8
ALUM128,9.7,3,No,67.5
ALUM129,12.4,5,No,65.3
ALUM130,10.0,2,No,67.4
ALUM131,5.8,2,No,39.9
ALUM132,12.3,4,Sí,74.1
ALUM133,7.8,4,No,54.4
ALUM134,13.9,5,No,70.0
ALUM135,8.3,3,Sí,65.1
ALUM136,18.2,5,Sí,96.2
ALUM137,8.9,2,Sí,62.8
ALUM138,10.7,3,Sí,72.9
ALUM139,15.3,6,No,73.9
ALUM140,7.1,2,No,55.8
ALUM141,12.9,5,No,71.5
ALUM142,17.2,8,Sí,83.3
ALUM143,5.6,3,No,39.7
ALUM144,12.7,4,No,74.5
ALUM145,13.0,6,Sí,81.6
ALUM146,15.1,4,No,68.3
ALUM147,7.1,0,No,61.9
ALUM148,6.7,1,No,52.5
ALUM149,14.1,2,No,77.3
ALUM150,13.2,4,Sí,80.4
